level	page_num	block_num	par_num	line_num	word_num	left	top	width	height	conf	text
1	1	0	0	0	0	0	0	1802	774	-1	
2	1	1	0	0	0	5	10	735	112	-1	
3	1	1	1	0	0	17	10	174	18	-1	
4	1	1	1	1	0	17	10	174	18	-1	
5	1	1	1	1	1	7	4	49	34	96	SAS
5	1	1	1	1	2	58	4	89	34	96	Institute
5	1	1	1	1	3	146	4	45	34	95	Inc.
3	1	1	2	0	0	5	34	735	54	-1	
4	1	1	2	1	0	5	34	735	30	-1	
5	1	1	2	1	1	5	34	123	30	94	Simulation
5	1	1	2	1	2	130	34	61	30	96	Name
5	1	1	2	1	3	274	34	56	30	95	HJM
5	1	1	2	1	4	329	38	190	18	89	Simulation
5	1	1	2	1	5	442	34	30	30	96	of
5	1	1	2	1	6	472	34	50	30	96	U.S.
5	1	1	2	1	7	525	38	215	22	96	Treasury
5	1	1	2	1	8	622	34	53	30	43	Yield
5	1	1	2	1	9	677	38	63	22	96	Curve
4	1	1	2	2	0	17	66	470	22	-1	
5	1	1	2	2	1	7	60	114	34	95	Simulation
5	1	1	2	2	2	123	60	60	34	96	Start
5	1	1	2	2	3	185	60	53	34	88	Date:
5	1	1	2	2	4	286	66	201	22	24	September
5	1	1	2	2	5	398	60	38	34	75	12,
5	1	1	2	2	6	435	66	52	22	96	2025
3	1	1	3	0	0	18	90	328	32	-1	
4	1	1	3	1	0	18	90	328	32	-1	
5	1	1	3	1	1	18	90	76	32	95	Number
5	1	1	3	1	2	96	90	30	32	96	of
5	1	1	3	1	3	128	90	110	32	96	Scenarios:
5	1	1	3	1	4	286	94	60	18	95	75000
2	1	2	0	0	0	18	150	1100	24	-1	
3	1	2	1	0	0	18	150	1100	24	-1	
4	1	2	1	1	0	18	150	1100	24	-1	
5	1	2	1	1	1	7	137	126	42	96	Distribution
5	1	2	1	1	2	136	137	22	42	96	of
5	1	2	1	1	3	166	137	69	42	96	Future
5	1	2	1	1	4	237	137	68	42	92	Values
5	1	2	1	1	5	304	137	29	42	92	of
5	1	2	1	1	6	336	137	35	42	92	the
5	1	2	1	1	7	378	137	77	42	83	10-Year
5	1	2	1	1	8	461	137	92	42	89	Treasury
5	1	2	1	1	9	553	137	56	42	95	Bond
5	1	2	1	1	10	609	137	56	42	37	Yield
5	1	2	1	1	11	675	137	113	42	0	(Probability
5	1	2	1	1	12	791	137	26	42	95	of
5	1	2	1	1	13	819	137	60	42	95	Being
5	1	2	1	1	14	878	137	74	42	96	within
5	1	2	1	1	15	952	137	74	42	96	Range,
5	1	2	1	1	16	1025	137	95	42	95	Percent)
2	1	3	0	0	0	207	178	783	57	-1	
3	1	3	1	0	0	207	178	783	46	-1	
4	1	3	1	1	0	207	178	171	24	-1	
5	1	3	1	1	1	207	178	171	24	90	Years
5	1	3	1	1	2	267	174	24	32	96	to
5	1	3	1	1	3	293	178	85	24	95	Maturity
4	1	3	1	2	0	242	200	748	35	-1	
5	1	3	1	2	1	242	200	36	35	89	0.5
5	1	3	1	2	2	347	206	9	18	52	4.
5	1	3	1	2	3	408	206	29	18	53	45
5	1	3	1	2	4	504	206	12	18	48	2.
5	1	3	1	2	5	565	206	30	18	65	25
5	1	3	1	2	6	662	206	12	18	49	3.
5	1	3	1	2	7	723	206	30	18	62	35
5	1	3	1	2	8	819	206	14	18	39	4.
5	1	3	1	2	9	880	206	31	18	70	45
5	1	3	1	2	10	978	206	12	18	95	5
2	1	4	0	0	0	4	234	986	225	-1	
3	1	4	1	0	0	147	234	843	102	-1	
4	1	4	1	1	0	147	234	843	18	-1	
5	1	4	1	1	1	147	234	53	18	89	16.00
5	1	4	1	1	2	237	234	42	18	89	0.00
5	1	4	1	1	3	316	234	42	18	75	0.00
5	1	4	1	1	4	395	234	42	18	94	0.00
5	1	4	1	1	5	474	234	42	18	94	0.00
5	1	4	1	1	6	553	234	42	18	94	0.00
5	1	4	1	1	7	632	234	42	18	88	0.00
5	1	4	1	1	8	711	234	42	18	95	0.00
5	1	4	1	1	9	790	234	42	18	95	0.00
5	1	4	1	1	10	869	234	42	18	84	0.00
5	1	4	1	1	11	948	234	42	18	91	0.00
4	1	4	1	2	0	147	262	775	26	-1	
5	1	4	1	2	1	147	262	53	18	71	15.00
5	1	4	1	2	2	237	262	42	18	76	0.00
5	1	4	1	2	3	316	262	42	18	90	0.00
5	1	4	1	2	4	395	262	42	18	93	0.00
5	1	4	1	2	5	474	262	42	18	93	0.00
5	1	4	1	2	6	553	262	42	18	91	0.00
5	1	4	1	2	7	632	262	42	18	91	0.00
5	1	4	1	2	8	711	262	42	18	91	0.00
5	1	4	1	2	9	790	262	42	18	94	0.00
5	1	4	1	2	10	869	262	53	26	67	0.00
4	1	4	1	3	0	147	290	775	28	-1	
5	1	4	1	3	1	147	290	53	18	68	14.00
5	1	4	1	3	2	237	290	42	18	69	0.00
5	1	4	1	3	3	316	290	42	18	69	0.00
5	1	4	1	3	4	395	290	42	18	77	0.00
5	1	4	1	3	5	474	290	42	18	89	0.00
5	1	4	1	3	6	553	290	42	18	69	0.00
5	1	4	1	3	7	621	290	53	24	78	0.00
5	1	4	1	3	8	711	290	65	28	85	0.00
5	1	4	1	3	9	790	290	17	18	83	0.00
5	1	4	1	3	10	845	290	77	24	78	0.00%
4	1	4	1	4	0	147	318	613	18	-1	
5	1	4	1	4	1	147	318	53	18	87	13.00
5	1	4	1	4	2	237	318	42	18	87	0.00
5	1	4	1	4	3	316	318	42	18	81	0.00
5	1	4	1	4	4	395	318	42	18	95	0.00
5	1	4	1	4	5	474	318	42	18	93	0.00
5	1	4	1	4	6	553	318	42	18	93	0.00
5	1	4	1	4	7	711	318	49	18	68	0.003
3	1	4	2	0	0	4	342	591	33	-1	
4	1	4	2	1	0	4	342	591	33	-1	
5	1	4	2	1	1	4	342	84	33	90	Lower
5	1	4	2	1	2	147	346	53	18	76	12.00
5	1	4	2	1	3	237	346	42	18	76	0.00
5	1	4	2	1	4	316	346	42	18	89	0.00
5	1	4	2	1	5	395	346	42	18	93	0.00
5	1	4	2	1	6	474	346	42	18	93	0.00
5	1	4	2	1	7	553	346	42	18	84	0.00
3	1	4	3	0	0	18	374	419	24	-1	
4	1	4	3	1	0	18	374	419	24	-1	
5	1	4	3	1	1	5	370	81	33	0	Bound
5	1	4	3	1	2	85	370	28	33	0	of
5	1	4	3	1	3	147	374	53	18	92	11.00
5	1	4	3	1	4	237	374	42	18	93	0.00
5	1	4	3	1	5	316	374	42	18	84	0.00
5	1	4	3	1	6	382	374	55	24	84	0.00
3	1	4	4	0	0	7	398	363	33	-1	
4	1	4	4	1	0	7	398	363	33	-1	
5	1	4	4	1	1	7	398	64	33	87	Yield
5	1	4	4	1	2	147	402	53	18	77	10.00
5	1	4	4	1	3	237	402	42	18	77	0.00
5	1	4	4	1	4	316	402	54	18	74	0.00%
3	1	4	5	0	0	4	426	301	33	-1	
4	1	4	5	1	0	4	426	301	33	-1	
5	1	4	5	1	1	4	426	68	33	94	Level
5	1	4	5	1	2	230	424	47	35	88	0.00
5	1	4	5	1	3	279	424	26	35	53	584
2	1	5	0	0	0	17	454	262	50	-1	
3	1	5	1	0	0	17	454	262	50	-1	
4	1	5	1	1	0	17	454	262	30	-1	
5	1	5	1	1	1	17	454	96	30	96	(Percent)
5	1	5	1	1	2	237	458	42	18	85	0.00.
4	1	5	1	2	0	171	486	108	18	-1	
5	1	5	1	2	1	171	499	5	5	0	.
5	1	5	1	2	2	237	486	42	18	85	0.00
2	1	6	0	0	0	202	171	1583	3	-1	
3	1	6	1	0	0	202	171	1583	3	-1	
4	1	6	1	1	0	202	171	1583	3	-1	
5	1	6	1	1	1	202	171	1583	3	95	 
2	1	7	0	0	0	202	199	1583	3	-1	
3	1	7	1	0	0	202	199	1583	3	-1	
4	1	7	1	1	0	202	199	1583	3	-1	
5	1	7	1	1	1	202	199	1583	3	95	 
2	1	8	0	0	0	154	540	1643	234	-1	
3	1	8	1	0	0	154	540	1643	234	-1	
4	1	8	1	1	0	154	540	1643	234	-1	
5	1	8	1	1	1	154	540	1643	234	95	   
2	1	9	0	0	0	202	171	3	59	-1	
3	1	9	1	0	0	202	171	3	59	-1	
4	1	9	1	1	0	202	171	3	59	-1	
5	1	9	1	1	1	202	171	3	59	95	 
2	1	10	0	0	0	1782	171	3	60	-1	
3	1	10	1	0	0	1782	171	3	60	-1	
4	1	10	1	1	0	1782	171	3	60	-1	
5	1	10	1	1	1	1782	171	3	60	95	 
2	1	11	0	0	0	202	227	960	3	-1	
3	1	11	1	0	0	202	227	960	3	-1	
4	1	11	1	1	0	202	227	960	3	-1	
5	1	11	1	1	1	202	227	960	3	95	 
2	1	12	0	0	0	548	261	321	56	-1	
3	1	12	1	0	0	548	261	321	56	-1	
4	1	12	1	1	0	628	261	50	28	-1	
5	1	12	1	1	1	628	261	50	28	95	  
4	1	12	1	2	0	548	289	321	28	-1	
5	1	12	1	2	1	548	289	163	28	95	   
5	1	12	1	2	2	790	289	79	12	95	 
2	1	13	0	0	0	225	528	212	60	-1	
3	1	13	1	0	0	225	528	230	63	-1	
4	1	13	1	1	0	232	528	101	32	-1	
5	1	13	1	1	1	232	538	47	22	60	493
5	1	13	1	1	2	316	528	17	32	70	8:
4	1	13	1	2	0	225	570	212	18	-1	
5	1	13	1	2	1	225	570	51	18	72	37.41
5	1	13	1	2	2	304	570	54	18	70	29.44
5	1	13	1	2	3	383	570	72	21	81	25.148
